<?xml version="1.0" encoding="UTF-8"?>
<project-private xmlns="http://www.netbeans.org/ns/project-private/1">
    <editor-bookmarks xmlns="http://www.netbeans.org/ns/editor-bookmarks/2" lastBookmarkId="0"/>
    <open-files xmlns="http://www.netbeans.org/ns/projectui-open-files/2">
        <group>
            <file>file:/C:/Users/Yemi/Documents/NetBeansProjects/Practica%2010/src/java/Clases/Rectangle.java</file>
            <file>file:/C:/Users/Yemi/Documents/NetBeansProjects/Practica%2010/src/java/Clases/Shape.java</file>
            <file>file:/C:/Users/Yemi/Documents/NetBeansProjects/Practica%2010/src/java/Clases/ShapeFactory.java</file>
            <file>file:/C:/Users/Yemi/Documents/NetBeansProjects/Practica%2010/src/java/Clases/FactoryPatternDemo.java</file>
            <file>file:/C:/Users/Yemi/Documents/NetBeansProjects/Practica%2010/src/java/Clases/Circle.java</file>
            <file>file:/C:/Users/Yemi/Documents/NetBeansProjects/Practica%2010/src/java/Clases/Square.java</file>
        </group>
    </open-files>
</project-private>
